url_path,views_total,views_unique
/pwrliang/grpc-rdma,50,21
/pwrliang/grpc-rdma/commits/63b2cd7ff6a9b65ae8cdb2ef406e5b229b90fdfb,34,1
/pwrliang/grpc-rdma/tree/master/src,13,4
/pwrliang/grpc-rdma/tree/master/src/core/ext,10,1
/pwrliang/grpc-rdma/tree/master/doc,9,2
/pwrliang/grpc-rdma/tree/master/src/core,9,2
/pwrliang/grpc-rdma/tree/github-repo-stats/pwrliang/grpc-rdma,9,1
/pwrliang/grpc-rdma/pulse,8,2
/pwrliang/grpc-rdma/tree/master/examples/cpp,8,2
/pwrliang/grpc-rdma/tree/master/src/core/lib,8,2
